query	response
TP53 c.792 794delACT (p.L265del) 0.6% VAF (1216x consensus coverage)	{"GENE": ["TP53"], "SYNTAX_N":["c.792 794delACT"], "SYNTAX_P":["p.L265del"], "VAF": ["0.6% VAF"]}
#This variant was below the detection threshold of the pipeline but was identified by	{}
Variants (SBDS, TERC, TERT, DKC1, and DDX41 ONLY)	{}
SBDS c.258+2T>C (splice) 100% VAF (246x consensus coverage) #	{"GENE": ["SBDS"], "SYNTAX_N":["c.258+2T>C"], "SYNTAX_P":["splice"], "VAF": ["100% VAF"]}
PRPF8 c.3919A>G (p.M1307V) 1.5% VAF (1104x consensus coverage) #	{"GENE": ["PRPF8"], "SYNTAX_N":["c.3919A>G"], "SYNTAX_P":["p.M1307V"], "VAF": ["1.5% VAF"]}
TP53 c.711G>T (p.M2371I) 0.9% VAF (779x consensus coverage) RELEVANT_PATHOGENIC	{"GENE": ["TP53"], "SYNTAX_N": ["c.711G>T"], "SYNTAX_P": ["p.M2371I"], "VAF": ["0.9% VAF"]}
*This test is designed for somatic analysis of variants and may provide information about the germline.	{}
SBDS c.183 184delTAinsCT (p.K62*) 0.9% VAF (805x consensus coverage) #	{"GENE": ["SBDS"], "SYNTAX_N": ["c.183 184delTAinsCT"], "SYNTAX_P": ["p.K62*"], "VAF": ["0.9% VAF"]}
The SBDS c.258+2T>C VAF is a significant overestimate	{"GENE": ["SBDS"], "SYNTAX_N": ["c.258+2T>C"], "SYNTAX_P": [], "VAF": []}
IKZF1 deletion:	{"GENE": ["IKZF1"], "SYNTAX_N": [""], "SYNTAX_P": [""], "VAF": [""]}
Brigham and Women’s Hospital Accession:	{}
BL-25-M02748	{}
CUX1 c.3742C>T 2.1% VAF (1630x (p.R1248W)	{"GENE": ["CUX1"], "SYNTAX_N": ["c.3742C>T"], "SYNTAX_P": ["p.R1248W"], "VAF": ["2.1% VAF"]}
#This variant is identified at a variant allele fraction lower than the validated	{}
